{"app": "fortnite", "serverDate": "2020-08-06T11:58:53.964Z", "overridePropertiesVersion": "unknown", "cln": "14008763", "build": "333", "moduleName": "Fortnite-Core", "buildDate": "2020-08-03T04:26:50.788Z", "version": "13.40", "branch": "Release-13.40", "modules": {"Epic-LightSwitch-AccessControlCore": {"cln": "13600496", "build": "b2090", "buildDate": "2020-08-01T00:07:25.396Z", "version": "1.0.0", "branch": "trunk"}, "epic-xmpp-api-v1-base": {"cln": "5131a23c1470acbd9c94fae695ef7d899c1a41d6", "build": "b3595", "buildDate": "2019-07-30T09:11:06.587Z", "version": "0.0.1", "branch": "master"}, "epic-common-core": {"cln": "13998247", "build": "2920", "buildDate": "2020-07-31T23:42:33.756Z", "version": "2.0", "branch": "TRUNK"}}}